TileName,TileDomains,TileSequence
Tile_9_0,g_10_1   n_core_9_0   g_9_1*   g_9_2*   s_core_9_0   g_10_2,CCCATGTTT   ATGCGACTGAAGAATCCCTGTT   GAGAACCTCG   CTACAAACGT   ACGTCACATACAAAGTGCCCTT   AGGGCAGAA
Tile_9_1,g_10_3   n_core_9_1   g_9_3*   g_9_4*   s_core_9_1   g_10_4,TGTGGGATG   TCGTTCGGCTTCTGCTACTACT   AATTACAGGC   CGTTCGTATT   TAGGGATATACCACGGAGCTGT   ACCCTAGGA
Tile_9_2,g_10_5   n_core_9_2   g_9_5*   g_9_6*   s_core_9_2   g_10_6,ATGAGGCAA   TGTACGTTGAATCATTGCCGGA   CGTCTCTCTT   TCTTCGAGCA   TCTTAGAGCGTACGTTCGTTGT   ATGAGTCTG
Tile_9_3,g_10_7   n_core_9_3   g_9_7*   g_9_8*   s_core_9_3   g_10_8,GAGGAGGGT   AGCGATATGACCTCATACCCGT   GATTCCATCC   CTGCGATTTG   AGTGGGATAGTGCGTCAAGGAA   AACACAGAA
Tile_9_4,g_10_9   n_core_9_4   g_9_9*   g_9_10*   s_core_9_4   g_10_10,CGGCTTGTA   ACTACATCTGCCACGTCCATCA   GGTGGGATAA   TCTGCTTCTC   TCTTCCCTGCGACATCCTAACA   ATCAAGGGC
Tile_9_5,g_10_11   n_core_9_5   g_9_11*   g_9_0*   s_core_9_5   g_10_0,ATCAATCCC   AGGCCCACATTGAAGTAAAGCT   CGTGCAATGA   GTCCCAAACT   AAGTACTGAGACTGCGATCGCT   GCATGCTAT
Tile_10_0,g_11_0   n_core_10_0   g_10_0*   g_10_1*   s_core_10_0   g_11_1,AATGCCATA   TTGACTTCGCGATTCATACCGA   ATAGCATGC   AAACATGGG   ACATCGGAGGAATCTCTTGCCT   CGGAGAGAT
Tile_10_1,g_11_2   n_core_10_1   g_10_2*   g_10_3*   s_core_10_1   g_11_3,GGATAGCGT   TGAGTCTACCAGTGTGTCCGAA   TTCTGCCCT   CATCCCACA   AGCAGTGCTAGCAATCAAAGGT   GTTGAATGG
Tile_10_2,g_11_4   n_core_10_2   g_10_4*   g_10_5*   s_core_10_2   g_11_5,CTCCTGTTG   ACATTGAACAACGCGCAAACAA   TCCTAGGGT   TTGCCTCAT   AGAGTCGGACCAGTATTCTCCA   ATGATGGCC
Tile_10_3,g_11_6   n_core_10_3   g_10_6*   g_10_7*   s_core_10_3   g_11_7,GGACAAGGT   TTCATCAAGTCGCCCTTCCCTA   CAGACTCAT   ACCCTCCTC   ACTCTTTGTTCGAGCGGTTGTA   CTGACGTTG
Tile_10_4,g_11_8   n_core_10_4   g_10_8*   g_10_9*   s_core_10_4   g_11_9,TGGGCTTTA   AAGTTGAGGGTCTGTGTTTGGT   TTCTGTGTT   TACAAGCCG   TGCGATTGAGAAGTTCACACCA   CTTTCGGAG
Tile_10_5,g_11_10   n_core_10_5   g_10_10*   g_10_11*   s_core_10_5   g_11_11,ATGCTCACC   TACCGGTCAGTCTCCTTGTTCT   GCCCTTGAT   GGGATTGAT   TAGCCTCCGATATCCAAAGCGA   GGTCGTCTG
Tile_11_0,g_12_1   n_core_11_0   g_11_1*   g_11_2*   s_core_11_0   g_12_2,GCAGACTGT   ACACCTGGCTCGCATATATCGTT   ATCTCTCCG   ACGCTATCC   ACAATATACGGGTGTCTAGGCGT   GGTAAGGTG
Tile_11_1,g_12_3   n_core_11_1   g_11_3*   g_11_4*   s_core_11_1   g_12_4,GGGCTAACT   AGTGACTGTGGATGTAACGCGAT   CCATTCAAC   CAACAGGAG   TTGCTGCTACATCACTACGCTGT   GAGGCTACG
Tile_11_2,g_12_5   n_core_11_2   g_11_5*   g_11_6*   s_core_11_2   g_12_6,GCAGTCATC   TGGTTCCTCGTCAAGATGTGACA   GGCCATCAT   ACCTTGTCC   AAGCAATTCGGTTGGAGGTCTCT   GAAACGTTG
Tile_11_3,g_12_7   n_core_11_3   g_11_7*   g_11_8*   s_core_11_3   g_12_8,CGCTCAAAT   ACAGATCTCGTGAATACCGGCAT   CAACGTCAG   TAAAGCCCA   AGCAGCACTCGTTGTTCATTTGT   CCGGTAAGG
Tile_11_4,g_12_9   n_core_11_4   g_11_9*   g_11_10*   s_core_11_4   g_12_10,TCAGCTAGC   ATCATGTGGTCTTCGTCACCAGT   CTCCGAAAG   GGTGAGCAT   TACGGTTCGCGGAACATTCTACA   TGTAGAGTG
Tile_11_5,g_12_11   n_core_11_5   g_11_11*   g_11_0*   s_core_11_5   g_12_0,ATGCGTACT   AGTACAGTGCTCATATGCCTGCA   CAGACGACC   TATGGCATT   TCTTTCAGGTCTAGCAGTCACGA   GGTTCATGT
Tile_12_0,g_13_0   n_core_12_0   g_12_0*   g_12_1*   s_core_12_0   g_13_1,CGTGTCATA   AAGGATGACCGCTGTAGTGGTT   ACATGAACC   ACAGTCTGC   ACATCGGAGGAATCTCTTGCCT   CGCTACAGT
Tile_12_1,g_13_2   n_core_12_1   g_12_2*   g_12_3*   s_core_12_1   g_13_3,GGGTCAGTA   TGAGTCTACCAGTGTGTCCGAA   CACCTTACC   AGTTAGCCC   AGGGAGGCATACAATCACCCAA   ACCTGTGGT
Tile_12_2,g_13_4   n_core_12_2   g_12_4*   g_12_5*   s_core_12_2   g_13_5,CTCATGTCA   TGGTCGGGTAAAGCGTAGATCA   CGTAGCCTC   GATGACTGC   TGTGGCTGCTCTCTCTGATTCA   TTAACGCGT
Tile_12_3,g_13_6   n_core_12_3   g_12_6*   g_12_7*   s_core_12_3   g_13_7,GTTAGCTGG   AAGCCCATCAGTTGTTGGTGTA   CAACGTTTC   ATTTGAGCG   ACGAATGATTGCCGACCTAACT   ATGCGTTAC
Tile_12_4,g_13_8   n_core_12_4   g_12_8*   g_12_9*   s_core_12_4   g_13_9,GCCTGGATA   TGTCGTGTCTCGTCATTGAGTT   CCTTACCGG   GCTAGCTGA   TTGTACCCGAACCCACCTAGTA   TCCGTTCTG
Tile_12_5,g_13_10   n_core_12_5   g_12_10*   g_12_11*   s_core_12_5   g_13_11,AAACCCTCG   TTCCTTATCCTGCCGCTGTACT   CACTCTACA   AGTACGCAT   AGAGCCTGGAGATGAATTCCCT   GCAAGTTAC
Tile_13_0,g_14_1   n_core_13_0   g_13_1*   g_13_2*   s_core_13_0   g_14_2,GATGCCTCT   TGTAATGGCTAACCCTTCAGCGT   ACTGTAGCG   TACTGACCC   AGGCCTAATTCTGAAGCGACCTA   TCCTGAAGA
Tile_13_1,g_14_3   n_core_13_1   g_13_3*   g_13_4*   s_core_13_1   g_14_4,TATGCGAAC   ATGGGTAGCTAGTTGTACCGGGA   ACCACAGGT   TGACATGAG   TCATCCTTAAGTTCGGTGGCACA   AACAAATGC
Tile_13_2,g_14_5   n_core_13_2   g_13_5*   g_13_6*   s_core_13_2   g_14_6,TAGCCATAC   TGTGTTCGGATCTACAAGGTGCA   ACGCGTTAA   CCAGCTAAC   ACACCCAGTACCTGTAGTTCGGT   AACTGCATG
Tile_13_3,g_14_7   n_core_13_3   g_13_7*   g_13_8*   s_core_13_3   g_14_8,CCCTGCTTT   AGACGTTCCACAATTACCGGGTA   GTAACGCAT   TATCCAGGC   ACGATGAACTAAGACTCGCCTCA   AATTGGTGG
Tile_13_4,g_14_9   n_core_13_4   g_13_9*   g_13_10*   s_core_13_4   g_14_10,TTCCTTCGT   AACAGAACAGGGACGATTAGGGT   CAGAACGGA   CGAGGGTTT   TCCAGCCATGTCACAGTAAGGAT   TGATCGCTT
Tile_13_5,g_14_11   n_core_13_5   g_13_11*   g_13_0*   s_core_13_5   g_14_0,CACACTCTT   ATCTCAGCAGTCACACGATCGTT   GTAACTTGC   TATGACACG   TCGTCGGCTCAACATAGTTTGGA   ACTGACGTA
Tile_14_0,g_15_0   n_core_14_0   g_14_0*   g_14_1*   s_core_14_0   g_15_1,ACGAGTATG   ACGGGTAATTGGATGTGCATCA   TACGTCAGT   AGAGGCATC   ACATCGGAGGAATCTCTTGCCT   GGAAAGACG
Tile_14_1,g_15_2   n_core_14_1   g_14_2*   g_14_3*   s_core_14_1   g_15_3,GAGTGCTGT   TGAGTCTACCAGTGTGTCCGAA   TCTTCAGGA   GTTCGCATA   AAGCCGTAATTGAGTCAAGCGA   TAGTCTGTG
Tile_14_2,g_15_4   n_core_14_2   g_14_4*   g_14_5*   s_core_14_2   g_15_5,AAGCCAACC   AGAAGTCGCGTCTCATCATTGT   GCATTTGTT   GTATGGCTA   TGCTTTACCTTGGCCTTTGTCT   CGTAAATGG
Tile_14_3,g_15_6   n_core_14_3   g_14_6*   g_14_7*   s_core_14_3   g_15_7,CCCTACGTC   AGACGCCATTTACTTGACACCT   CATGCAGTT   AAAGCAGGG   TCCGGCAAGAAAGAGTGAGGAA   TACATCCTG
Tile_14_4,g_15_8   n_core_14_4   g_14_8*   g_14_9*   s_core_14_4   g_15_9,CTCAAGCTG   ATCTACCAGTATCGTCACCGGA   CCACCAATT   ACGAAGGAA   TCGAGAGTGGTGGTGAAGTTGT   ATCGTCTGT
Tile_14_5,g_15_10   n_core_14_5   g_14_10*   g_14_11*   s_core_14_5   g_15_11,ACAGTCACA   TCCTCGTCCGAATCTTCTCTGA   AAGCGATCA   AAGAGTGTG   AGGGCTTCGCAATACATTGAGT   GACGTCATG
Tile_15_0,g_16_1   n_core_15_0   g_15_1*   g_15_2*   s_core_15_0   g_16_2,GTACGCACT   AAGACTCCATCGATACAACGCGA   CGTCTTTCC   ACAGCACTC   TGGCGACTACGAACATTCTTGGT   TAACCCGTA
Tile_15_1,g_16_3   n_core_15_1   g_15_3*   g_15_4*   s_core_15_1   g_16_4,AGCGCATTA   TCCTCTCTAAGCGAGTACTGCGT   CACAGACTA   GGTTGGCTT   TTGATCAGATCGTTGCGGAACCT   AGCTACGTA
Tile_15_2,g_16_5   n_core_15_2   g_15_5*   g_15_6*   s_core_15_2   g_16_6,AAGCGTACT   AGGAAGGTTAACGCGTTCTGTGA   CCATTTACG   GACGTAGGG   TCTTACTGCCAGCGGGTTATAGT   GTAAGGTGC
Tile_15_3,g_16_7   n_core_15_3   g_15_7*   g_15_8*   s_core_15_3   g_16_8,TGCAGTAAG   AAGTGAGCCTAACAAAGTGGCCT   CAGGATGTA   CAGCTTGAG   TAGCTGGCCTAAGTGCATATCGT   GGAAGTACG
Tile_15_4,g_16_9   n_core_15_4   g_15_9*   g_15_10*   s_core_15_4   g_16_10,CGTCTCAAC   TCTCTTTGACGAGGGCTGATTCT   ACAGACGAT   TGTGACTGT   ACGTCAAAGCTGTGGGAATTTCA   GCAGGTTAC
Tile_15_5,g_16_11   n_core_15_5   g_15_11*   g_15_0*   s_core_15_5   g_16_0,ATTGGTCGA   ACCCTTCCCAGGCTATCTTCAGA   CATGACGTC   CATACTCGT   TGTCCCAGAATTCTGCACCACTA   CGGGAGTTT
Tile_16_0,g_17_0   n_core_16_0   g_16_0*   g_16_1*   s_core_16_0   g_17_1,CTCGCAAAG   AGGCGAAATGCGAAATTGAACA   AAACTCCCG   AGTGCGTAC   ACATCGGAGGAATCTCTTGCCT   ATTGTCCCT
Tile_16_1,g_17_2   n_core_16_1   g_16_2*   g_16_3*   s_core_16_1   g_17_3,ACTGGAACC   TGAGTCTACCAGTGTGTCCGAA   TACGGGTTA   TAATGCGCT   TGAGAACACTTACCGTCCTCCT   CGTACACGT
Tile_16_2,g_17_4   n_core_16_2   g_16_4*   g_16_5*   s_core_16_2   g_17_5,AGCAGATTT   TCACCGCGACAAACTACAATGT   TACGTAGCT   AGTACGCTT   TAGGTCTACGGCTCCAATGCAT   CGACTCAAT
Tile_16_3,g_17_6   n_core_16_3   g_16_6*   g_16_7*   s_core_16_3   g_17_7,AAAGCCTAG   TGTACCTGACTGACCTTCGCTA   GCACCTTAC   CTTACTGCA   ACATCCAGCTTCTTGCATCGTT   AGCCTGGTA
Tile_16_4,g_17_8   n_core_16_4   g_16_8*   g_16_9*   s_core_16_4   g_17_9,TGATGGTTG   ACCCAACACGAGTTATGGACCT   CGTACTTCC   GTTGAGACG   TTGGCTCTCTTTCGACGGTAGT   GTACGTTCA
Tile_16_5,g_17_10   n_core_16_5   g_16_10*   g_16_11*   s_core_16_5   g_17_11,CGGATTGCT   TCTGCATCCAAGCAAATCGTCA   GTAACCTGC   TCGACCAAT   TACCGGACCACTAAACGTAGCA   CATGTTGGT
Tile_17_0,g_18_1   n_core_17_0   g_17_1*   g_17_2*   s_core_17_0   g_18_2,ATCGTGTCA   AACGGGATCACGCTTCTAAGGAT   AGGGACAAT   GGTTCCAGT   TGCGTTGACCTTAATCCATGCAA   CGAATCCGA
Tile_17_1,g_18_3   n_core_17_1   g_17_3*   g_17_4*   s_core_17_1   g_18_4,GTAGCCCTA   TGCCCTAAAGTACCTTGCTACGA   ACGTGTACG   AAATCTGCT   TTCCAGCTATCAGAAGACGCGAT   ACCATGTGT
Tile_17_2,g_18_5   n_core_17_2   g_17_5*   g_17_6*   s_core_17_2   g_18_6,TAACGGATG   AACCGTACAGCTTGCAACATGAT   ATTGAGTCG   CTAGGCTTT   ATGTTATCACACAACCGCCGTCT   GATAAGCCA
Tile_17_3,g_18_7   n_core_17_3   g_17_7*   g_17_8*   s_core_17_3   g_18_8,GGATGTACG   AGTGAATCCTGATGGGCATGGTA   TACCAGGCT   CAACCATCA   ACTATCGAGGTGGCAAACGAGAA   TGCATACCT
Tile_17_4,g_18_9   n_core_17_4   g_17_9*   g_17_10*   s_core_17_4   g_18_10,GGTCTACGA   TTGGGAGAGCTAAGGTAGTTGCT   TGAACGTAC   AGCAATCCG   TGGTATGAGCGGATATCAGTCGT   GCACACATG
Tile_17_5,g_18_11   n_core_17_5   g_17_11*   g_17_0*   s_core_17_5   g_18_0,TCCATGTGG   ACCCGTCCTGTAAGACTCAGTCT   ACCAACATG   CTTTGCGAG   TCTGCTACAATCGAGGTATCGCT   GGTGGTTAG
Tile_18_0,g_19_0   n_core_18_0   g_18_0*   g_18_1*   s_core_18_0   g_19_1,ATAATGCCA   TTGTCGAGTCTCCACCGTAGTA   CTAACCACC   TGACACGAT   ACATCGGAGGAATCTCTTGCCT   GAGTGGAGT
Tile_18_1,g_19_2   n_core_18_1   g_18_2*   g_18_3*   s_core_18_1   g_19_3,ATTGGAGCA   TGAGTCTACCAGTGTGTCCGAA   TCGGATTCG   TAGGGCTAC   TGTCTCAGCAATCCCATTTCGT   AAACCTCTC
Tile_18_2,g_19_4   n_core_18_2   g_18_4*   g_18_5*   s_core_18_2   g_19_5,CCGTTCAAA   TGCTCCCAGAACACACTCTCTT   ACACATGGT   CATCCGTTA   ATGGTCTTACACGTTCTTCGCA   CTAGGACGA
Tile_18_3,g_19_6   n_core_18_3   g_18_6*   g_18_7*   s_core_18_3   g_19_7,GGGATGTGT   TGGTATTGGTATGCGCGGTAGA   TGGCTTATC   CGTACATCC   TCAGACCGAACCACAGGATCTT   CCAACTCCA
Tile_18_4,g_19_8   n_core_18_4   g_18_8*   g_18_9*   s_core_18_4   g_19_9,CATGCATCA   ACGTTTCGCAAATTCTGCCCTA   AGGTATGCA   TCGTAGACC   TGCCTTGGCTATACATGACCGA   ACGATTCGG
Tile_18_5,g_19_10   n_core_18_5   g_18_10*   g_18_11*   s_core_18_5   g_19_11,ATAGCAGCA   AGAAATCCTCAGGCGTCCAGAT   CATGTGTGC   CCACATGGA   AAGGGTATGCGGCCTATACTCA   TCTAGTGGG
Tile_0_0,g_1_0   n_core_0_0   g_0_0*   g_0_1*   s_core_0_0   g_1_1,TTAACGGGTT   AGCCATCGATGTAGAGAGCAA   GCGTACTAGT   CCTTCTTGGT   AGGCATGATCGTCAGCTATGT   ATCCGCGATA
Tile_0_1,g_1_2   n_core_0_1   g_0_2*   g_0_3*   s_core_0_1   g_1_3,CGACCATCTA   ATGAACCACTGTACGTGCTCA   CAGGTGCAAC   GATTGTCTCG   AGGAACAGCTGAACATACGGT   GTCACCGTAC
Tile_0_2,g_1_4   n_core_0_2   g_0_4*   g_0_5*   s_core_0_2   g_1_5,CCCATGATAC   TAGGAGCCAATCTGTGTGGAT   GCCGAATGTC   CTCGTTACGG   ACGAACACGCACTTTACACTT   GTTTCTGCGT
Tile_0_3,g_1_6   n_core_0_3   g_0_6*   g_0_7*   s_core_0_3   g_1_7,GAGCCATCTT   TCTTACGCGTGATACAGAGCT   AGACACCTTA   ATGCCGAAAT   TGCGTGTACAGTATGGAGTGT   TTGGTCTGTA
Tile_0_4,g_1_8   n_core_0_4   g_0_8*   g_0_9*   s_core_0_4   g_1_9,GATCACCAGA   AGCTACCGTTTCCCAGATGAT   ATGGGTTACA   GCAGCTAACA   TGGTCAGCTCTTCCATCTCAA   AATGGCCTTA
Tile_0_5,g_1_10   n_core_0_5   g_0_10*   g_0_11*   s_core_0_5   g_1_11,CTCATGTACC   AGATGTGTTAGCCGGGTTGTT   ATGGTGCTCT   TAGGCCTTCG   TGATACGGGCCTTCATGTGTT   TCTGCTGTCA
Tile_1_0,g_2_1   n_core_1_0   g_1_1*   g_1_2*   s_core_1_0   g_2_2,TGTATCCCGA   ACGAGCACCTCCGTATATACCA   TATCGCGGAT   TAGATGGTCG   ACCCGATATTGGTCTCCCTGTT   CTCGACAGTC
Tile_1_1,g_2_3   n_core_1_1   g_1_3*   g_1_4*   s_core_1_1   g_2_4,CAGGCACTAT   ACAAACATGCAGCGTATTCGGA   GTACGGTGAC   GTATCATGGG   TCGTACCGTTGGAGGGAAATCA   AGCGCTTAGA
Tile_1_2,g_2_5   n_core_1_2   g_1_5*   g_1_6*   s_core_1_2   g_2_6,GGAATGTCCT   ACCATGAAGAAACCCGTCGAGA   ACGCAGAAAC   AAGATGGCTC   AGCTCGTTAGCGTTTAGAAGGT   TGCAGAGGAA
Tile_1_3,g_2_7   n_core_1_3   g_1_7*   g_1_8*   s_core_1_3   g_2_8,CCAAAGTGGC   ATCCCTCTTCTGCTCAGACAGT   TACAGACCAA   TCTGGTGATC   TCTTCGAAGTGACAACTGCCTT   ACAGTGGATA
Tile_1_4,g_2_9   n_core_1_4   g_1_9*   g_1_10*   s_core_1_4   g_2_10,GTGGTGGTTT   AAGGTGTCTCGAACCACAAACA   TAAGGCCATT   GGTACATGAG   ATGGTCGATCGTTGTGGAAGAT   AGAGTATCGC
Tile_1_5,g_2_11   n_core_1_5   g_1_11*   g_1_0*   s_core_1_5   g_2_0,CTGCTAACAC   TGTACGGACGTACGGTTAGGAA   TGACAGCAGA   AACCCGTTAA   AGAGTAAGGAGTTGCGTGGCTA   CGGAGTAGCA
Tile_2_0,g_3_0   n_core_2_0   g_2_0*   g_2_1*   s_core_2_0   g_3_1,CAAGTGCAGT   ATCTAGCATGGAGGTTTCCCA   TGCTACTCCG   TCGGGATACA   ATCTGCCACTGGACTCAATGT   TGCTCATCTT
Tile_2_1,g_3_2   n_core_2_1   g_2_2*   g_2_3*   s_core_2_1   g_3_3,AGACTTAGCG   AGCTGATCGTTGCTGCTTCTA   GACTGTCGAG   ATAGTGCCTG   TGACCCAATGAGAGGATCGGA   AGATTGGACT
Tile_2_2,g_3_4   n_core_2_2   g_2_4*   g_2_5*   s_core_2_2   g_3_5,GCATTGTGGA   ATGAACGCCAGACCTCATGAT   TCTAAGCGCT   AGGACATTCC   TCGTGTTTGGTCCTATCACCT   TAAGATGCGT
Tile_2_3,g_3_6   n_core_2_3   g_2_6*   g_2_7*   s_core_2_3   g_3_7,TAAGCCTTGA   ATGTAGCTAGCTCTAGGCGTT   TTCCTCTGCA   GCCACTTTGG   AACTGTTTGTGGCATGGTCAA   CACTGGCATC
Tile_2_4,g_3_8   n_core_2_4   g_2_8*   g_2_9*   s_core_2_4   g_3_9,GAAATGGTCC   AGGTATTGATAACACGCGGGA   TATCCACTGT   AAACCACCAC   TACCTGAAACGTTCGCCTCAA   GAGGAGGTCT
Tile_2_5,g_3_10   n_core_2_5   g_2_10*   g_2_11*   s_core_2_5   g_3_11,CCGAACATCT   TTCATATCACACGCCCGTTCT   GCGATACTCT   GTGTTAGCAG   ACCGAACGTTCTGGCTTATCT   TCATCGCATT
Tile_3_0,g_4_1   n_core_3_0   g_3_1*   g_3_2*   s_core_3_0   g_4_2,ACTGTGGTTC   ATGGGCTTAGGTGTTCACTGGA   AAGATGAGCA   CGCTAAGTCT   ACCCGATATTGGTCTCCCTGTT   ATACGGTACA
Tile_3_1,g_4_3   n_core_3_1   g_3_3*   g_3_4*   s_core_3_1   g_4_4,GGCAGACTCT   ACAAACATGCAGCGTATTCGGA   AGTCCAATCT   TCCACAATGC   AACGGCCAGAATGAGAAGATGA   TCGAACTTTC
Tile_3_2,g_4_5   n_core_3_2   g_3_5*   g_3_6*   s_core_3_2   g_4_6,AGCATCCGTT   ACAGGGTAGGGATTGTGACTCA   ACGCATCTTA   TCAAGGCTTA   TTGTGACAGCGGAACAATCGAT   ATACGAACGC
Tile_3_3,g_4_7   n_core_3_3   g_3_7*   g_3_8*   s_core_3_3   g_4_8,CTTCTGAACG   TGGGACGCCTAAGTACATGCTA   GATGCCAGTG   GGACCATTTC   TCAGCTTCGCCAGTAGAATTGA   CCGGTTCTTC
Tile_3_4,g_4_9   n_core_3_4   g_3_9*   g_3_10*   s_core_3_4   g_4_10,TGGTATCGAA   ACACCCTCCCTTCAGTCATAGT   AGACCTCCTC   AGATGTTCGG   TAGGTCTCGAGTAGTGAGCCAA   TGGAGAGAGC
Tile_3_5,g_4_11   n_core_3_5   g_3_11*   g_3_0*   s_core_3_5   g_4_0,GAAGGGTCTT   TTCCTCTCCGCCTACATTTCCA   AATGCGATGA   ACTGCACTTG   TACGTTAATTGCCTCAGCCGAT   CTTCGATGCA
Tile_4_0,g_5_0   n_core_4_0   g_4_0*   g_4_1*   s_core_4_0   g_5_1,AGTTAGGGAG   ATGGTCACCCGATTGATGCTT   TGCATCGAAG   GAACCACAGT   ACTTAATGGGCGAGGTCACAA   CTGGCTACCT
Tile_4_1,g_5_2   n_core_4_1   g_4_2*   g_4_3*   s_core_4_1   g_5_3,GGCTAGTTGA   TCTGATCAACCACCATGACCT   TGTACCGTAT   AGAGTCTGCC   ATGTCATCCACTGCGTTCCAA   CTGGTAGTCG
Tile_4_2,g_5_4   n_core_4_2   g_4_4*   g_4_5*   s_core_4_2   g_5_5,CACAGAGGGT   TGATCGCGGCTATTAGTTGCA   GAAAGTTCGA   AACGGATGCT   ACTCGATGACTCTGCAACACT   GAATCTGCAA
Tile_4_3,g_5_6   n_core_4_3   g_4_6*   g_4_7*   s_core_4_3   g_5_7,CAGTCTCATC   TCTAGGGCTCTTACAGTGCGA   GCGTTCGTAT   CGTTCAGAAG   AGCAAAGAAAGAGGCAAGCAA   CTCGAACCTG
Tile_4_4,g_5_8   n_core_4_4   g_4_8*   g_4_9*   s_core_4_4   g_5_9,GAGTACCTCC   TAGGCCGGCTTCTAATGAGAT   GAAGAACCGG   TTCGATACCA   ATGTCTGCTGTTCGGTGAGTT   CAACACGATG
Tile_4_5,g_5_10   n_core_4_5   g_4_10*   g_4_11*   s_core_4_5   g_5_11,GAGTCTCAGT   ATGCCCTGGCCGTTATAAGAA   GCTCTCTCCA   AAGACCCTTC   AGTATTTAGTCAGTCGGCCCA   AAGCGTGTAA
Tile_5_0,g_6_1   n_core_5_0   g_5_1*   g_5_2*   s_core_5_0   g_6_2,CGACCTAGAG   AGCCAGTAGTGTACCCAGACAT   AGGTAGCCAG   TCAACTAGCC   ACCCGATATTGGTCTCCCTGTT   AGTATGGCTC
Tile_5_1,g_6_3   n_core_5_1   g_5_3*   g_5_4*   s_core_5_1   g_6_4,GATTACTCGG   ACAAACATGCAGCGTATTCGGA   CGACTACCAG   ACCCTCTGTG   TTGGTAATCAGAGCCAACCGAT   AGATCGTGGT
Tile_5_2,g_6_5   n_core_5_2   g_5_5*   g_5_6*   s_core_5_2   g_6_6,GTGCTAATGG   AAGGATAGGCTAAGTGGGACGA   TTGCAGATTC   GATGAGACTG   ATGGTTGGGCTTACTCTAGGGA   AAAGGCTGAA
Tile_5_3,g_6_7   n_core_5_3   g_5_7*   g_5_8*   s_core_5_3   g_6_8,ACTGAAGTCC   ATGTCCATTGGACCACTCAGGT   CAGGTTCGAG   GGAGGTACTC   TCCTTACACCTCGTCCATGGTT   ACCCGAGTAC
Tile_5_4,g_6_9   n_core_5_4   g_5_9*   g_5_10*   s_core_5_4   g_6_10,TATGGTGTGA   TGTCCGATCATTGAACGAGTCA   CATCGTGTTG   ACTGAGACTC   ATCTCCTTTCTTACGGTGCCGA   CGATTGTCAG
Tile_5_5,g_6_11   n_core_5_5   g_5_11*   g_5_0*   s_core_5_5   g_6_0,GGCGTGTAAT   TAGAGCCGGAAGTGTCGTTCTT   TTACACGCTT   CTCCCTAACT   ACGTTCCATATGATTCGCGCTT   ATTGCAGTCT
Tile_6_0,g_7_0   n_core_6_0   g_6_0*   g_6_1*   s_core_6_0   g_7_1,ACCTGGTGAG   AACCGATCTGTAACTCCACCT   AGACTGCAAT   CTCTAGGTCG   TGTAGATTGCAGAGGCGATCA   CAGACACCTA
Tile_6_1,g_7_2   n_core_6_1   g_6_2*   g_6_3*   s_core_6_1   g_7_3,TAACCCATGA   TTGTGAATTACCGCGCTCTCT   GAGCCATACT   CCGAGTAATC   TAGGCAGGTAGTCAGTCCAGT   GCTTTACGAA
Tile_6_2,g_7_4   n_core_6_2   g_6_4*   g_6_5*   s_core_6_2   g_7_5,AGCCTGAATA   TTCCGCACAAGTGATAGGGTT   ACCACGATCT   CCATTAGCAC   ACCTTGGTTGTGTTGGGAGAA   TCCTCCGATT
Tile_6_3,g_7_6   n_core_6_3   g_6_6*   g_6_7*   s_core_6_3   g_7_7,GGGATCTTCA   TGCGATTCACGGATCCTTGTA   TTCAGCCTTT   GGACTTCAGT   TACCGATAGCGCCTTTGTGAA   GCTGTGGATC
Tile_6_4,g_7_8   n_core_6_4   g_6_8*   g_6_9*   s_core_6_4   g_7_9,AACGGATCGT   TGAGTGAATCGACCGTCTGAT   GTACTCGGGT   TCACACCATA   TCTCACAGCGCACCAATAACA   TTAACCCGAC
Tile_6_5,g_7_10   n_core_6_5   g_6_10*   g_6_11*   s_core_6_5   g_7_11,TGAAGCTGTA   TTCGATTGGATAGCGCCTGAA   CTGACAATCG   ATTACACGCC   TGATGTGGCACGAACCATTCT   GTGTGGAAAG
Tile_7_0,g_8_1   n_core_7_0   g_7_1*   g_7_2*   s_core_7_0   g_8_2,ACGATAGACC   TCCAGGTACAACGTGACATTGT   TAGGTGTCTG   TCATGGGTTA   ACCCGATATTGGTCTCCCTGTT   CTGCGTTGTT
Tile_7_1,g_8_3   n_core_7_1   g_7_3*   g_7_4*   s_core_7_1   g_8_4,GTTATGCGAC   ACAAACATGCAGCGTATTCGGA   TTCGTAAAGC   TATTCAGGCT   ACAACAATAAGTTCCGGGTGCT   GTTCGACTGC
Tile_7_2,g_8_5   n_core_7_2   g_7_5*   g_7_6*   s_core_7_2   g_8_6,CTCCGTTGGA   AGAACCACCTTTCGGGAGAACT   AATCGGAGGA   TGAAGATCCC   TCCTGACCTAGTCACCTTCAGT   TGTGAGATGG
Tile_7_3,g_8_7   n_core_7_3   g_7_7*   g_7_8*   s_core_7_3   g_8_8,GGATCTGCTC   AGATTATCGCGGTAACGTCGTT   GATCCACAGC   ACGATCCGTT   ACGTTGCGAAATCTACTGCTGA   TATCAAGCGT
Tile_7_4,g_8_9   n_core_7_4   g_7_9*   g_7_10*   s_core_7_4   g_8_10,CTTCTGGTAC   TCGTATCAGAACGTGTCGAGGT   GTCGGGTTAA   TACAGCTTCA   TAGTATCGAACTGGGTAGGGCA   ATGTAGGGCT
Tile_7_5,g_8_11   n_core_7_5   g_7_11*   g_7_0*   s_core_7_5   g_8_0,TCTCAGTCAT   TCTCAAAGGGTCCGATTGGTCT   CTTTCCACAC   CTCACCAGGT   ACAAGGCTCTACCGCTACACTA   GGCCTAGAAG
Tile_8_0,g_9_0   n_core_8_0   g_8_0*   g_8_1*   s_core_8_0   g_9_1,AGTTTGGGAC   TCAGTGTTGGGCTAACGATGT   CTTCTAGGCC   GGTCTATCGT   TTGTGGCCCTGCAAGATAAGA   CGAGGTTCTC
Tile_8_1,g_9_2   n_core_8_1   g_8_2*   g_8_3*   s_core_8_1   g_9_3,ACGTTTGTAG   TCTACCACTGTACTGGCACAT   AACAACGCAG   GTCGCATAAC   TCTGGTGCCTGATCCATTTCA   GCCTGTAATT
Tile_8_2,g_9_4   n_core_8_2   g_8_4*   g_8_5*   s_core_8_2   g_9_5,AATACGAACG   AGCGCAAACAATTGTGACAGA   GCAGTCGAAC   TCCAACGGAG   AGACTAGTCAGGTACCGTGGT   AAGAGAGACG
Tile_8_3,g_9_6   n_core_8_3   g_8_6*   g_8_7*   s_core_8_3   g_9_7,TGCTCGAAGA   AGTGGCTCTCGATACATCCTT   CCATCTCACA   GAGCAGATCC   TCGGATCCAAGCTTACCAAGT   GGATGGAATC
Tile_8_4,g_9_8   n_core_8_4   g_8_8*   g_8_9*   s_core_8_4   g_9_9,CAAATCGCAG   ACCTGTTATTGGAGACCGTGT   ACGCTTGATA   GTACCAGAAG   TGACTGCAACGACGGATACTA   TTATCCCACC
Tile_8_5,g_9_10   n_core_8_5   g_8_10*   g_8_11*   s_core_8_5   g_9_11,GAGAAGCAGA   TTCAGTTTACGTGTAGGGCCT   AGCCCTACAT   ATGACTGAGA   ACTACTTCGACGTCCTTTCGT   TCATTGCACG
Tile_19_0,g_0_1   n_core_19_0   g_19_1*   g_19_2*   s_core_19_0   g_0_2,ACCAAGAAGG   TCAGCAATCTTCCAAACCCTCCT   ACTCCACTC   TGCTCCAAT   TGTGGGAATGAAGCTGAGCACTA   GTTGCACCTG
Tile_19_1,g_0_3   n_core_19_1   g_19_3*   g_19_4*   s_core_19_1   g_0_4,CGAGACAATC   TCGTCCCTCCCGTATAGTACAGT   GAGAGGTTT   TTTGAACGG   TCCGACGTATTGACCAGTACGAT   GACATTCGGC
Tile_19_2,g_0_5   n_core_19_2   g_19_5*   g_19_6*   s_core_19_2   g_0_6,CCGTAACGAG   AGCTTACATATTGGTCGAGGGCT   TCGTCCTAG   ACACATCCC   TGCTATTCTGCCCACTGTACCAA   TAAGGTGTCT
Tile_19_3,g_0_7   n_core_19_3   g_19_7*   g_19_8*   s_core_19_3   g_0_8,ATTTCGGCAT   AGGGAGCATGTGGATTATTGCGT   TGGAGTTGG   TGATGCATG   TGTCGGCGTAATACTTTGCGGTA   TGTAACCCAT
Tile_19_4,g_0_9   n_core_19_4   g_19_9*   g_19_10*   s_core_19_4   g_0_10,TGTTAGCTGC   AGATAGGACTACCGGTCTGACGT   CCGAATCGT   TGCTGCTAT   TAGGTAGGTTGACAACGCTTCCA   AGAGCACCAT
Tile_19_5,g_0_11   n_core_19_5   g_19_11*   g_19_0*   s_core_19_5   g_0_0,CGAAGGCCTA   AGGACCTTTCGTTTGTTACCGGA   CCCACTAGA   TGGCATTAT   ACGATGTGAGAGGAGGTGAGGTA   ACTAGTACGC
n_core_9_0*,n_core_9_0*,AACAGGGATTCTTCAGTCGCAT
n_core_9_1*,n_core_9_1*,AGTAGTAGCAGAAGCCGAACGA
n_core_9_2*,n_core_9_2*,TCCGGCAATGATTCAACGTACA
n_core_9_3*,n_core_9_3*,ACGGGTATGAGGTCATATCGCT
n_core_9_4*,n_core_9_4*,TGATGGACGTGGCAGATGTAGT
n_core_9_5*,n_core_9_5*,AGCTTTACTTCAATGTGGGCCT
n_core_10_0*,n_core_10_0*,TCGGTATGAATCGCGAAGTCAA
n_core_10_1*,n_core_10_1*,TTCGGACACACTGGTAGACTCA
n_core_10_2*,n_core_10_2*,TTGTTTGCGCGTTGTTCAATGT
n_core_10_3*,n_core_10_3*,TAGGGAAGGGCGACTTGATGAA
n_core_10_4*,n_core_10_4*,ACCAAACACAGACCCTCAACTT
n_core_10_5*,n_core_10_5*,AGAACAAGGAGACTGACCGGTA
n_core_11_0*,n_core_11_0*,AACGATATATGCGAGCCAGGTGT
n_core_11_1*,n_core_11_1*,ATCGCGTTACATCCACAGTCACT
n_core_11_2*,n_core_11_2*,TGTCACATCTTGACGAGGAACCA
n_core_11_3*,n_core_11_3*,ATGCCGGTATTCACGAGATCTGT
n_core_11_4*,n_core_11_4*,ACTGGTGACGAAGACCACATGAT
n_core_11_5*,n_core_11_5*,TGCAGGCATATGAGCACTGTACT
n_core_12_0*,n_core_12_0*,AACCACTACAGCGGTCATCCTT
n_core_12_1*,n_core_12_1*,TTCGGACACACTGGTAGACTCA
n_core_12_2*,n_core_12_2*,TGATCTACGCTTTACCCGACCA
n_core_12_3*,n_core_12_3*,TACACCAACAACTGATGGGCTT
n_core_12_4*,n_core_12_4*,AACTCAATGACGAGACACGACA
n_core_12_5*,n_core_12_5*,AGTACAGCGGCAGGATAAGGAA
n_core_13_0*,n_core_13_0*,ACGCTGAAGGGTTAGCCATTACA
n_core_13_1*,n_core_13_1*,TCCCGGTACAACTAGCTACCCAT
n_core_13_2*,n_core_13_2*,TGCACCTTGTAGATCCGAACACA
n_core_13_3*,n_core_13_3*,TACCCGGTAATTGTGGAACGTCT
n_core_13_4*,n_core_13_4*,ACCCTAATCGTCCCTGTTCTGTT
n_core_13_5*,n_core_13_5*,AACGATCGTGTGACTGCTGAGAT
n_core_14_0*,n_core_14_0*,TGATGCACATCCAATTACCCGT
n_core_14_1*,n_core_14_1*,TTCGGACACACTGGTAGACTCA
n_core_14_2*,n_core_14_2*,ACAATGATGAGACGCGACTTCT
n_core_14_3*,n_core_14_3*,AGGTGTCAAGTAAATGGCGTCT
n_core_14_4*,n_core_14_4*,TCCGGTGACGATACTGGTAGAT
n_core_14_5*,n_core_14_5*,TCAGAGAAGATTCGGACGAGGA
n_core_15_0*,n_core_15_0*,TCGCGTTGTATCGATGGAGTCTT
n_core_15_1*,n_core_15_1*,ACGCAGTACTCGCTTAGAGAGGA
n_core_15_2*,n_core_15_2*,TCACAGAACGCGTTAACCTTCCT
n_core_15_3*,n_core_15_3*,AGGCCACTTTGTTAGGCTCACTT
n_core_15_4*,n_core_15_4*,AGAATCAGCCCTCGTCAAAGAGA
n_core_15_5*,n_core_15_5*,TCTGAAGATAGCCTGGGAAGGGT
n_core_16_0*,n_core_16_0*,TGTTCAATTTCGCATTTCGCCT
n_core_16_1*,n_core_16_1*,TTCGGACACACTGGTAGACTCA
n_core_16_2*,n_core_16_2*,ACATTGTAGTTTGTCGCGGTGA
n_core_16_3*,n_core_16_3*,TAGCGAAGGTCAGTCAGGTACA
n_core_16_4*,n_core_16_4*,AGGTCCATAACTCGTGTTGGGT
n_core_16_5*,n_core_16_5*,TGACGATTTGCTTGGATGCAGA
n_core_17_0*,n_core_17_0*,ATCCTTAGAAGCGTGATCCCGTT
n_core_17_1*,n_core_17_1*,TCGTAGCAAGGTACTTTAGGGCA
n_core_17_2*,n_core_17_2*,ATCATGTTGCAAGCTGTACGGTT
n_core_17_3*,n_core_17_3*,TACCATGCCCATCAGGATTCACT
n_core_17_4*,n_core_17_4*,AGCAACTACCTTAGCTCTCCCAA
n_core_17_5*,n_core_17_5*,AGACTGAGTCTTACAGGACGGGT
n_core_18_0*,n_core_18_0*,TACTACGGTGGAGACTCGACAA
n_core_18_1*,n_core_18_1*,TTCGGACACACTGGTAGACTCA
n_core_18_2*,n_core_18_2*,AAGAGAGTGTGTTCTGGGAGCA
n_core_18_3*,n_core_18_3*,TCTACCGCGCATACCAATACCA
n_core_18_4*,n_core_18_4*,TAGGGCAGAATTTGCGAAACGT
n_core_18_5*,n_core_18_5*,ATCTGGACGCCTGAGGATTTCT
n_core_0_0*,n_core_0_0*,TTGCTCTCTACATCGATGGCT
n_core_0_1*,n_core_0_1*,TGAGCACGTACAGTGGTTCAT
n_core_0_2*,n_core_0_2*,ATCCACACAGATTGGCTCCTA
n_core_0_3*,n_core_0_3*,AGCTCTGTATCACGCGTAAGA
n_core_0_4*,n_core_0_4*,ATCATCTGGGAAACGGTAGCT
n_core_0_5*,n_core_0_5*,AACAACCCGGCTAACACATCT
n_core_1_0*,n_core_1_0*,TGGTATATACGGAGGTGCTCGT
n_core_1_1*,n_core_1_1*,TCCGAATACGCTGCATGTTTGT
n_core_1_2*,n_core_1_2*,TCTCGACGGGTTTCTTCATGGT
n_core_1_3*,n_core_1_3*,ACTGTCTGAGCAGAAGAGGGAT
n_core_1_4*,n_core_1_4*,TGTTTGTGGTTCGAGACACCTT
n_core_1_5*,n_core_1_5*,TTCCTAACCGTACGTCCGTACA
n_core_2_0*,n_core_2_0*,TGGGAAACCTCCATGCTAGAT
n_core_2_1*,n_core_2_1*,TAGAAGCAGCAACGATCAGCT
n_core_2_2*,n_core_2_2*,ATCATGAGGTCTGGCGTTCAT
n_core_2_3*,n_core_2_3*,AACGCCTAGAGCTAGCTACAT
n_core_2_4*,n_core_2_4*,TCCCGCGTGTTATCAATACCT
n_core_2_5*,n_core_2_5*,AGAACGGGCGTGTGATATGAA
n_core_3_0*,n_core_3_0*,TCCAGTGAACACCTAAGCCCAT
n_core_3_1*,n_core_3_1*,TCCGAATACGCTGCATGTTTGT
n_core_3_2*,n_core_3_2*,TGAGTCACAATCCCTACCCTGT
n_core_3_3*,n_core_3_3*,TAGCATGTACTTAGGCGTCCCA
n_core_3_4*,n_core_3_4*,ACTATGACTGAAGGGAGGGTGT
n_core_3_5*,n_core_3_5*,TGGAAATGTAGGCGGAGAGGAA
n_core_4_0*,n_core_4_0*,AAGCATCAATCGGGTGACCAT
n_core_4_1*,n_core_4_1*,AGGTCATGGTGGTTGATCAGA
n_core_4_2*,n_core_4_2*,TGCAACTAATAGCCGCGATCA
n_core_4_3*,n_core_4_3*,TCGCACTGTAAGAGCCCTAGA
n_core_4_4*,n_core_4_4*,ATCTCATTAGAAGCCGGCCTA
n_core_4_5*,n_core_4_5*,TTCTTATAACGGCCAGGGCAT
n_core_5_0*,n_core_5_0*,ATGTCTGGGTACACTACTGGCT
n_core_5_1*,n_core_5_1*,TCCGAATACGCTGCATGTTTGT
n_core_5_2*,n_core_5_2*,TCGTCCCACTTAGCCTATCCTT
n_core_5_3*,n_core_5_3*,ACCTGAGTGGTCCAATGGACAT
n_core_5_4*,n_core_5_4*,TGACTCGTTCAATGATCGGACA
n_core_5_5*,n_core_5_5*,AAGAACGACACTTCCGGCTCTA
n_core_6_0*,n_core_6_0*,AGGTGGAGTTACAGATCGGTT
n_core_6_1*,n_core_6_1*,AGAGAGCGCGGTAATTCACAA
n_core_6_2*,n_core_6_2*,AACCCTATCACTTGTGCGGAA
n_core_6_3*,n_core_6_3*,TACAAGGATCCGTGAATCGCA
n_core_6_4*,n_core_6_4*,ATCAGACGGTCGATTCACTCA
n_core_6_5*,n_core_6_5*,TTCAGGCGCTATCCAATCGAA
n_core_7_0*,n_core_7_0*,ACAATGTCACGTTGTACCTGGA
n_core_7_1*,n_core_7_1*,TCCGAATACGCTGCATGTTTGT
n_core_7_2*,n_core_7_2*,AGTTCTCCCGAAAGGTGGTTCT
n_core_7_3*,n_core_7_3*,AACGACGTTACCGCGATAATCT
n_core_7_4*,n_core_7_4*,ACCTCGACACGTTCTGATACGA
n_core_7_5*,n_core_7_5*,AGACCAATCGGACCCTTTGAGA
n_core_8_0*,n_core_8_0*,ACATCGTTAGCCCAACACTGA
n_core_8_1*,n_core_8_1*,ATGTGCCAGTACAGTGGTAGA
n_core_8_2*,n_core_8_2*,TCTGTCACAATTGTTTGCGCT
n_core_8_3*,n_core_8_3*,AAGGATGTATCGAGAGCCACT
n_core_8_4*,n_core_8_4*,ACACGGTCTCCAATAACAGGT
n_core_8_5*,n_core_8_5*,AGGCCCTACACGTAAACTGAA
n_core_19_0*,n_core_19_0*,AGGAGGGTTTGGAAGATTGCTGA
n_core_19_1*,n_core_19_1*,ACTGTACTATACGGGAGGGACGA
n_core_19_2*,n_core_19_2*,AGCCCTCGACCAATATGTAAGCT
n_core_19_3*,n_core_19_3*,ACGCAATAATCCACATGCTCCCT
n_core_19_4*,n_core_19_4*,ACGTCAGACCGGTAGTCCTATCT
n_core_19_5*,n_core_19_5*,TCCGGTAACAAACGAAAGGTCCT
s_core_9_0*,s_core_9_0*,AAGGGCACTTTGTATGTGACGT
s_core_9_1*,s_core_9_1*,ACAGCTCCGTGGTATATCCCTA
s_core_9_2*,s_core_9_2*,ACAACGAACGTACGCTCTAAGA
s_core_9_3*,s_core_9_3*,TTCCTTGACGCACTATCCCACT
s_core_9_4*,s_core_9_4*,TGTTAGGATGTCGCAGGGAAGA
s_core_9_5*,s_core_9_5*,AGCGATCGCAGTCTCAGTACTT
s_core_10_0*,s_core_10_0*,AGGCAAGAGATTCCTCCGATGT
s_core_10_1*,s_core_10_1*,ACCTTTGATTGCTAGCACTGCT
s_core_10_2*,s_core_10_2*,TGGAGAATACTGGTCCGACTCT
s_core_10_3*,s_core_10_3*,TACAACCGCTCGAACAAAGAGT
s_core_10_4*,s_core_10_4*,TGGTGTGAACTTCTCAATCGCA
s_core_10_5*,s_core_10_5*,TCGCTTTGGATATCGGAGGCTA
s_core_11_0*,s_core_11_0*,ACGCCTAGACACCCGTATATTGT
s_core_11_1*,s_core_11_1*,ACAGCGTAGTGATGTAGCAGCAA
s_core_11_2*,s_core_11_2*,AGAGACCTCCAACCGAATTGCTT
s_core_11_3*,s_core_11_3*,ACAAATGAACAACGAGTGCTGCT
s_core_11_4*,s_core_11_4*,TGTAGAATGTTCCGCGAACCGTA
s_core_11_5*,s_core_11_5*,TCGTGACTGCTAGACCTGAAAGA
s_core_12_0*,s_core_12_0*,AGGCAAGAGATTCCTCCGATGT
s_core_12_1*,s_core_12_1*,TTGGGTGATTGTATGCCTCCCT
s_core_12_2*,s_core_12_2*,TGAATCAGAGAGAGCAGCCACA
s_core_12_3*,s_core_12_3*,AGTTAGGTCGGCAATCATTCGT
s_core_12_4*,s_core_12_4*,TACTAGGTGGGTTCGGGTACAA
s_core_12_5*,s_core_12_5*,AGGGAATTCATCTCCAGGCTCT
s_core_13_0*,s_core_13_0*,TAGGTCGCTTCAGAATTAGGCCT
s_core_13_1*,s_core_13_1*,TGTGCCACCGAACTTAAGGATGA
s_core_13_2*,s_core_13_2*,ACCGAACTACAGGTACTGGGTGT
s_core_13_3*,s_core_13_3*,TGAGGCGAGTCTTAGTTCATCGT
s_core_13_4*,s_core_13_4*,ATCCTTACTGTGACATGGCTGGA
s_core_13_5*,s_core_13_5*,TCCAAACTATGTTGAGCCGACGA
s_core_14_0*,s_core_14_0*,AGGCAAGAGATTCCTCCGATGT
s_core_14_1*,s_core_14_1*,TCGCTTGACTCAATTACGGCTT
s_core_14_2*,s_core_14_2*,AGACAAAGGCCAAGGTAAAGCA
s_core_14_3*,s_core_14_3*,TTCCTCACTCTTTCTTGCCGGA
s_core_14_4*,s_core_14_4*,ACAACTTCACCACCACTCTCGA
s_core_14_5*,s_core_14_5*,ACTCAATGTATTGCGAAGCCCT
s_core_15_0*,s_core_15_0*,ACCAAGAATGTTCGTAGTCGCCA
s_core_15_1*,s_core_15_1*,AGGTTCCGCAACGATCTGATCAA
s_core_15_2*,s_core_15_2*,ACTATAACCCGCTGGCAGTAAGA
s_core_15_3*,s_core_15_3*,ACGATATGCACTTAGGCCAGCTA
s_core_15_4*,s_core_15_4*,TGAAATTCCCACAGCTTTGACGT
s_core_15_5*,s_core_15_5*,TAGTGGTGCAGAATTCTGGGACA
s_core_16_0*,s_core_16_0*,AGGCAAGAGATTCCTCCGATGT
s_core_16_1*,s_core_16_1*,AGGAGGACGGTAAGTGTTCTCA
s_core_16_2*,s_core_16_2*,ATGCATTGGAGCCGTAGACCTA
s_core_16_3*,s_core_16_3*,AACGATGCAAGAAGCTGGATGT
s_core_16_4*,s_core_16_4*,ACTACCGTCGAAAGAGAGCCAA
s_core_16_5*,s_core_16_5*,TGCTACGTTTAGTGGTCCGGTA
s_core_17_0*,s_core_17_0*,TTGCATGGATTAAGGTCAACGCA
s_core_17_1*,s_core_17_1*,ATCGCGTCTTCTGATAGCTGGAA
s_core_17_2*,s_core_17_2*,AGACGGCGGTTGTGTGATAACAT
s_core_17_3*,s_core_17_3*,TTCTCGTTTGCCACCTCGATAGT
s_core_17_4*,s_core_17_4*,ACGACTGATATCCGCTCATACCA
s_core_17_5*,s_core_17_5*,AGCGATACCTCGATTGTAGCAGA
s_core_18_0*,s_core_18_0*,AGGCAAGAGATTCCTCCGATGT
s_core_18_1*,s_core_18_1*,ACGAAATGGGATTGCTGAGACA
s_core_18_2*,s_core_18_2*,TGCGAAGAACGTGTAAGACCAT
s_core_18_3*,s_core_18_3*,AAGATCCTGTGGTTCGGTCTGA
s_core_18_4*,s_core_18_4*,TCGGTCATGTATAGCCAAGGCA
s_core_18_5*,s_core_18_5*,TGAGTATAGGCCGCATACCCTT
s_core_0_0*,s_core_0_0*,ACATAGCTGACGATCATGCCT
s_core_0_1*,s_core_0_1*,ACCGTATGTTCAGCTGTTCCT
s_core_0_2*,s_core_0_2*,AAGTGTAAAGTGCGTGTTCGT
s_core_0_3*,s_core_0_3*,ACACTCCATACTGTACACGCA
s_core_0_4*,s_core_0_4*,TTGAGATGGAAGAGCTGACCA
s_core_0_5*,s_core_0_5*,AACACATGAAGGCCCGTATCA
s_core_1_0*,s_core_1_0*,AACAGGGAGACCAATATCGGGT
s_core_1_1*,s_core_1_1*,TGATTTCCCTCCAACGGTACGA
s_core_1_2*,s_core_1_2*,ACCTTCTAAACGCTAACGAGCT
s_core_1_3*,s_core_1_3*,AAGGCAGTTGTCACTTCGAAGA
s_core_1_4*,s_core_1_4*,ATCTTCCACAACGATCGACCAT
s_core_1_5*,s_core_1_5*,TAGCCACGCAACTCCTTACTCT
s_core_2_0*,s_core_2_0*,ACATTGAGTCCAGTGGCAGAT
s_core_2_1*,s_core_2_1*,TCCGATCCTCTCATTGGGTCA
s_core_2_2*,s_core_2_2*,AGGTGATAGGACCAAACACGA
s_core_2_3*,s_core_2_3*,TTGACCATGCCACAAACAGTT
s_core_2_4*,s_core_2_4*,TTGAGGCGAACGTTTCAGGTA
s_core_2_5*,s_core_2_5*,AGATAAGCCAGAACGTTCGGT
s_core_3_0*,s_core_3_0*,AACAGGGAGACCAATATCGGGT
s_core_3_1*,s_core_3_1*,TCATCTTCTCATTCTGGCCGTT
s_core_3_2*,s_core_3_2*,ATCGATTGTTCCGCTGTCACAA
s_core_3_3*,s_core_3_3*,TCAATTCTACTGGCGAAGCTGA
s_core_3_4*,s_core_3_4*,TTGGCTCACTACTCGAGACCTA
s_core_3_5*,s_core_3_5*,ATCGGCTGAGGCAATTAACGTA
s_core_4_0*,s_core_4_0*,TTGTGACCTCGCCCATTAAGT
s_core_4_1*,s_core_4_1*,TTGGAACGCAGTGGATGACAT
s_core_4_2*,s_core_4_2*,AGTGTTGCAGAGTCATCGAGT
s_core_4_3*,s_core_4_3*,TTGCTTGCCTCTTTCTTTGCT
s_core_4_4*,s_core_4_4*,AACTCACCGAACAGCAGACAT
s_core_4_5*,s_core_4_5*,TGGGCCGACTGACTAAATACT
s_core_5_0*,s_core_5_0*,AACAGGGAGACCAATATCGGGT
s_core_5_1*,s_core_5_1*,ATCGGTTGGCTCTGATTACCAA
s_core_5_2*,s_core_5_2*,TCCCTAGAGTAAGCCCAACCAT
s_core_5_3*,s_core_5_3*,AACCATGGACGAGGTGTAAGGA
s_core_5_4*,s_core_5_4*,TCGGCACCGTAAGAAAGGAGAT
s_core_5_5*,s_core_5_5*,AAGCGCGAATCATATGGAACGT
s_core_6_0*,s_core_6_0*,TGATCGCCTCTGCAATCTACA
s_core_6_1*,s_core_6_1*,ACTGGACTGACTACCTGCCTA
s_core_6_2*,s_core_6_2*,TTCTCCCAACACAACCAAGGT
s_core_6_3*,s_core_6_3*,TTCACAAAGGCGCTATCGGTA
s_core_6_4*,s_core_6_4*,TGTTATTGGTGCGCTGTGAGA
s_core_6_5*,s_core_6_5*,AGAATGGTTCGTGCCACATCA
s_core_7_0*,s_core_7_0*,AACAGGGAGACCAATATCGGGT
s_core_7_1*,s_core_7_1*,AGCACCCGGAACTTATTGTTGT
s_core_7_2*,s_core_7_2*,ACTGAAGGTGACTAGGTCAGGA
s_core_7_3*,s_core_7_3*,TCAGCAGTAGATTTCGCAACGT
s_core_7_4*,s_core_7_4*,TGCCCTACCCAGTTCGATACTA
s_core_7_5*,s_core_7_5*,TAGTGTAGCGGTAGAGCCTTGT
s_core_8_0*,s_core_8_0*,TCTTATCTTGCAGGGCCACAA
s_core_8_1*,s_core_8_1*,TGAAATGGATCAGGCACCAGA
s_core_8_2*,s_core_8_2*,ACCACGGTACCTGACTAGTCT
s_core_8_3*,s_core_8_3*,ACTTGGTAAGCTTGGATCCGA
s_core_8_4*,s_core_8_4*,TAGTATCCGTCGTTGCAGTCA
s_core_8_5*,s_core_8_5*,ACGAAAGGACGTCGAAGTAGT
s_core_19_0*,s_core_19_0*,TAGTGCTCAGCTTCATTCCCACA
s_core_19_1*,s_core_19_1*,ATCGTACTGGTCAATACGTCGGA
s_core_19_2*,s_core_19_2*,TTGGTACAGTGGGCAGAATAGCA
s_core_19_3*,s_core_19_3*,TACCGCAAAGTATTACGCCGACA
s_core_19_4*,s_core_19_4*,TGGAAGCGTTGTCAACCTACCTA
s_core_19_5*,s_core_19_5*,TACCTCACCTCCTCTCACATCGT
