Well Position,Name,Sequence
G1,Tile_0_0,TTAACGGGTT AGCCATCGATGTAGAGAGCAA GCGTACTAGT CCTTCTTGGT AGGCATGATCGTCAGCTATGT ATCCGCGATA
G3,Tile_0_1,CGACCATCTA ATGAACCACTGTACGTGCTCA CAGGTGCAAC GATTGTCTCG AGGAACAGCTGAACATACGGT GTCACCGTAC
G5,Tile_0_2,CCCATGATAC TAGGAGCCAATCTGTGTGGAT GCCGAATGTC CTCGTTACGG ACGAACACGCACTTTACACTT GTTTCTGCGT
G7,Tile_0_3,GAGCCATCTT TCTTACGCGTGATACAGAGCT AGACACCTTA ATGCCGAAAT TGCGTGTACAGTATGGAGTGT TTGGTCTGTA
G9,Tile_0_4,GATCACCAGA AGCTACCGTTTCCCAGATGAT ATGGGTTACA GCAGCTAACA TGGTCAGCTCTTCCATCTCAA AATGGCCTTA
G11,Tile_0_5,CTCATGTACC AGATGTGTTAGCCGGGTTGTT ATGGTGCTCT TAGGCCTTCG TGATACGGGCCTTCATGTGTT TCTGCTGTCA
E2,Tile_1_0,TGTATCCCGA ACGAGCACCTCCGTATATACCA TATCGCGGAT TAGATGGTCG ACCCGATATTGGTCTCCCTGTT CTCGACAGTC
E4,Tile_1_1,CAGGCACTAT ACAAACATGCAGCGTATTCGGA GTACGGTGAC GTATCATGGG TCGTACCGTTGGAGGGAAATCA AGCGCTTAGA
E6,Tile_1_2,GGAATGTCCT ACCATGAAGAAACCCGTCGAGA ACGCAGAAAC AAGATGGCTC AGCTCGTTAGCGTTTAGAAGGT TGCAGAGGAA
E8,Tile_1_3,CCAAAGTGGC ATCCCTCTTCTGCTCAGACAGT TACAGACCAA TCTGGTGATC TCTTCGAAGTGACAACTGCCTT ACAGTGGATA
E10,Tile_1_4,GTGGTGGTTT AAGGTGTCTCGAACCACAAACA TAAGGCCATT GGTACATGAG ATGGTCGATCGTTGTGGAAGAT AGAGTATCGC
E12,Tile_1_5,CTGCTAACAC TGTACGGACGTACGGTTAGGAA TGACAGCAGA AACCCGTTAA AGAGTAAGGAGTTGCGTGGCTA CGGAGTAGCA
E1,Tile_2_0,CAAGTGCAGT ATCTAGCATGGAGGTTTCCCA TGCTACTCCG TCGGGATACA ATCTGCCACTGGACTCAATGT TGCTCATCTT
E3,Tile_2_1,AGACTTAGCG AGCTGATCGTTGCTGCTTCTA GACTGTCGAG ATAGTGCCTG TGACCCAATGAGAGGATCGGA AGATTGGACT
E5,Tile_2_2,GCATTGTGGA ATGAACGCCAGACCTCATGAT TCTAAGCGCT AGGACATTCC TCGTGTTTGGTCCTATCACCT TAAGATGCGT
E7,Tile_2_3,TAAGCCTTGA ATGTAGCTAGCTCTAGGCGTT TTCCTCTGCA GCCACTTTGG AACTGTTTGTGGCATGGTCAA CACTGGCATC
E9,Tile_2_4,GAAATGGTCC AGGTATTGATAACACGCGGGA TATCCACTGT AAACCACCAC TACCTGAAACGTTCGCCTCAA GAGGAGGTCT
E11,Tile_2_5,CCGAACATCT TTCATATCACACGCCCGTTCT GCGATACTCT GTGTTAGCAG ACCGAACGTTCTGGCTTATCT TCATCGCATT
D2,Tile_3_0,ACTGTGGTTC ATGGGCTTAGGTGTTCACTGGA AAGATGAGCA CGCTAAGTCT ACCCGATATTGGTCTCCCTGTT ATACGGTACA
D4,Tile_3_1,GGCAGACTCT ACAAACATGCAGCGTATTCGGA AGTCCAATCT TCCACAATGC AACGGCCAGAATGAGAAGATGA TCGAACTTTC
D6,Tile_3_2,AGCATCCGTT ACAGGGTAGGGATTGTGACTCA ACGCATCTTA TCAAGGCTTA TTGTGACAGCGGAACAATCGAT ATACGAACGC
D8,Tile_3_3,CTTCTGAACG TGGGACGCCTAAGTACATGCTA GATGCCAGTG GGACCATTTC TCAGCTTCGCCAGTAGAATTGA CCGGTTCTTC
D10,Tile_3_4,TGGTATCGAA ACACCCTCCCTTCAGTCATAGT AGACCTCCTC AGATGTTCGG TAGGTCTCGAGTAGTGAGCCAA TGGAGAGAGC
D12,Tile_3_5,GAAGGGTCTT TTCCTCTCCGCCTACATTTCCA AATGCGATGA ACTGCACTTG TACGTTAATTGCCTCAGCCGAT CTTCGATGCA
D1,Tile_4_0,AGTTAGGGAG ATGGTCACCCGATTGATGCTT TGCATCGAAG GAACCACAGT ACTTAATGGGCGAGGTCACAA CTGGCTACCT
D3,Tile_4_1,GGCTAGTTGA TCTGATCAACCACCATGACCT TGTACCGTAT AGAGTCTGCC ATGTCATCCACTGCGTTCCAA CTGGTAGTCG
D5,Tile_4_2,CACAGAGGGT TGATCGCGGCTATTAGTTGCA GAAAGTTCGA AACGGATGCT ACTCGATGACTCTGCAACACT GAATCTGCAA
D7,Tile_4_3,CAGTCTCATC TCTAGGGCTCTTACAGTGCGA GCGTTCGTAT CGTTCAGAAG AGCAAAGAAAGAGGCAAGCAA CTCGAACCTG
D9,Tile_4_4,GAGTACCTCC TAGGCCGGCTTCTAATGAGAT GAAGAACCGG TTCGATACCA ATGTCTGCTGTTCGGTGAGTT CAACACGATG
D11,Tile_4_5,GAGTCTCAGT ATGCCCTGGCCGTTATAAGAA GCTCTCTCCA AAGACCCTTC AGTATTTAGTCAGTCGGCCCA AAGCGTGTAA
B2,Tile_5_0,CGACCTAGAG AGCCAGTAGTGTACCCAGACAT AGGTAGCCAG TCAACTAGCC ACCCGATATTGGTCTCCCTGTT AGTATGGCTC
B4,Tile_5_1,GATTACTCGG ACAAACATGCAGCGTATTCGGA CGACTACCAG ACCCTCTGTG TTGGTAATCAGAGCCAACCGAT AGATCGTGGT
B6,Tile_5_2,GTGCTAATGG AAGGATAGGCTAAGTGGGACGA TTGCAGATTC GATGAGACTG ATGGTTGGGCTTACTCTAGGGA AAAGGCTGAA
B8,Tile_5_3,ACTGAAGTCC ATGTCCATTGGACCACTCAGGT CAGGTTCGAG GGAGGTACTC TCCTTACACCTCGTCCATGGTT ACCCGAGTAC
B10,Tile_5_4,TATGGTGTGA TGTCCGATCATTGAACGAGTCA CATCGTGTTG ACTGAGACTC ATCTCCTTTCTTACGGTGCCGA CGATTGTCAG
B12,Tile_5_5,GGCGTGTAAT TAGAGCCGGAAGTGTCGTTCTT TTACACGCTT CTCCCTAACT ACGTTCCATATGATTCGCGCTT ATTGCAGTCT
B1,Tile_6_0,ACCTGGTGAG AACCGATCTGTAACTCCACCT AGACTGCAAT CTCTAGGTCG TGTAGATTGCAGAGGCGATCA CAGACACCTA
B3,Tile_6_1,TAACCCATGA TTGTGAATTACCGCGCTCTCT GAGCCATACT CCGAGTAATC TAGGCAGGTAGTCAGTCCAGT GCTTTACGAA
B5,Tile_6_2,AGCCTGAATA TTCCGCACAAGTGATAGGGTT ACCACGATCT CCATTAGCAC ACCTTGGTTGTGTTGGGAGAA TCCTCCGATT
B7,Tile_6_3,GGGATCTTCA TGCGATTCACGGATCCTTGTA TTCAGCCTTT GGACTTCAGT TACCGATAGCGCCTTTGTGAA GCTGTGGATC
B9,Tile_6_4,AACGGATCGT TGAGTGAATCGACCGTCTGAT GTACTCGGGT TCACACCATA TCTCACAGCGCACCAATAACA TTAACCCGAC
B11,Tile_6_5,TGAAGCTGTA TTCGATTGGATAGCGCCTGAA CTGACAATCG ATTACACGCC TGATGTGGCACGAACCATTCT GTGTGGAAAG
A2,Tile_7_0,ACGATAGACC TCCAGGTACAACGTGACATTGT TAGGTGTCTG TCATGGGTTA ACCCGATATTGGTCTCCCTGTT CTGCGTTGTT
A4,Tile_7_1,GTTATGCGAC ACAAACATGCAGCGTATTCGGA TTCGTAAAGC TATTCAGGCT ACAACAATAAGTTCCGGGTGCT GTTCGACTGC
A6,Tile_7_2,CTCCGTTGGA AGAACCACCTTTCGGGAGAACT AATCGGAGGA TGAAGATCCC TCCTGACCTAGTCACCTTCAGT TGTGAGATGG
A8,Tile_7_3,GGATCTGCTC AGATTATCGCGGTAACGTCGTT GATCCACAGC ACGATCCGTT ACGTTGCGAAATCTACTGCTGA TATCAAGCGT
A10,Tile_7_4,CTTCTGGTAC TCGTATCAGAACGTGTCGAGGT GTCGGGTTAA TACAGCTTCA TAGTATCGAACTGGGTAGGGCA ATGTAGGGCT
A12,Tile_7_5,TCTCAGTCAT TCTCAAAGGGTCCGATTGGTCT CTTTCCACAC CTCACCAGGT ACAAGGCTCTACCGCTACACTA GGCCTAGAAG
A1,Tile_8_0,AGTTTGGGAC TCAGTGTTGGGCTAACGATGT CTTCTAGGCC GGTCTATCGT TTGTGGCCCTGCAAGATAAGA CGAGGTTCTC
A3,Tile_8_1,ACGTTTGTAG TCTACCACTGTACTGGCACAT AACAACGCAG GTCGCATAAC TCTGGTGCCTGATCCATTTCA GCCTGTAATT
A5,Tile_8_2,AATACGAACG AGCGCAAACAATTGTGACAGA GCAGTCGAAC TCCAACGGAG AGACTAGTCAGGTACCGTGGT AAGAGAGACG
A7,Tile_8_3,TGCTCGAAGA AGTGGCTCTCGATACATCCTT CCATCTCACA GAGCAGATCC TCGGATCCAAGCTTACCAAGT GGATGGAATC
A9,Tile_8_4,CAAATCGCAG ACCTGTTATTGGAGACCGTGT ACGCTTGATA GTACCAGAAG TGACTGCAACGACGGATACTA TTATCCCACC
A11,Tile_8_5,GAGAAGCAGA TTCAGTTTACGTGTAGGGCCT AGCCCTACAT ATGACTGAGA ACTACTTCGACGTCCTTTCGT TCATTGCACG
H2,Tile_1019_0,ACCAAGAAGG ATGCGACTGAAGAATCCCTGTT GAGAACCTCG CTACAAACGT ACGTCACATACAAAGTGCCCTT GTTGCACCTG
H4,Tile_1019_1,CGAGACAATC TCGTTCGGCTTCTGCTACTACT AATTACAGGC CGTTCGTATT TAGGGATATACCACGGAGCTGT GACATTCGGC
H6,Tile_1019_2,CCGTAACGAG TGTACGTTGAATCATTGCCGGA CGTCTCTCTT TCTTCGAGCA TCTTAGAGCGTACGTTCGTTGT TAAGGTGTCT
H8,Tile_1019_3,ATTTCGGCAT AGCGATATGACCTCATACCCGT GATTCCATCC CTGCGATTTG AGTGGGATAGTGCGTCAAGGAA TGTAACCCAT
H10,Tile_1019_4,TGTTAGCTGC ACTACATCTGCCACGTCCATCA GGTGGGATAA TCTGCTTCTC TCTTCCCTGCGACATCCTAACA AGAGCACCAT
H12,Tile_1019_5,CGAAGGCCTA AGGCCCACATTGAAGTAAAGCT CGTGCAATGA GTCCCAAACT AAGTACTGAGACTGCGATCGCT ACTAGTACGC
